scenario_id,is_illicit,pattern_type
layering_01551,1,layering
layering_01552,1,layering
layering_01553,1,layering
layering_01554,1,layering
layering_01555,1,layering
layering_01557,1,layering
layering_01559,1,layering
layering_01560,1,layering
layering_01561,1,layering
layering_01562,1,layering
layering_01564,1,layering
layering_01565,1,layering
layering_01566,1,layering
layering_01567,1,layering
layering_01568,1,layering
layering_01569,1,layering
layering_01570,1,layering
layering_01571,1,layering
layering_01572,1,layering
layering_01573,1,layering
layering_01574,1,layering
layering_01575,1,layering
layering_01577,1,layering
layering_01578,1,layering
layering_01579,1,layering
layering_01580,1,layering
layering_01581,1,layering
layering_01582,1,layering
layering_01583,1,layering
layering_01584,1,layering
layering_01585,1,layering
layering_01586,1,layering
layering_01587,1,layering
layering_01588,1,layering
layering_01589,1,layering
layering_01590,1,layering
layering_01591,1,layering
layering_01592,1,layering
layering_01594,1,layering
layering_01595,1,layering
layering_01598,1,layering
layering_01599,1,layering
layering_01600,1,layering
layering_01601,1,layering
layering_01602,1,layering
layering_01605,1,layering
layering_01606,1,layering
layering_01608,1,layering
layering_01609,1,layering
layering_01611,1,layering
layering_01612,1,layering
layering_01613,1,layering
layering_01614,1,layering
layering_01615,1,layering
layering_01616,1,layering
layering_01617,1,layering
layering_01618,1,layering
layering_01620,1,layering
layering_01621,1,layering
layering_01622,1,layering
layering_01624,1,layering
layering_01625,1,layering
layering_01626,1,layering
layering_01627,1,layering
layering_01629,1,layering
layering_01630,1,layering
layering_01631,1,layering
layering_01632,1,layering
layering_01633,1,layering
layering_01634,1,layering
layering_01635,1,layering
layering_01636,1,layering
layering_01638,1,layering
layering_01639,1,layering
layering_01640,1,layering
layering_01642,1,layering
layering_01644,1,layering
layering_01646,1,layering
layering_01647,1,layering
layering_01648,1,layering
layering_01649,1,layering
layering_01650,1,layering
layering_01651,1,layering
layering_01652,1,layering
layering_01653,1,layering
layering_01654,1,layering
layering_01655,1,layering
layering_01656,1,layering
layering_01657,1,layering
layering_01658,1,layering
layering_01659,1,layering
layering_01660,1,layering
layering_01662,1,layering
layering_01663,1,layering
layering_01664,1,layering
layering_01667,1,layering
layering_01668,1,layering
layering_01670,1,layering
layering_01671,1,layering
layering_01672,1,layering
layering_01673,1,layering
layering_01674,1,layering
layering_01675,1,layering
layering_01676,1,layering
layering_01677,1,layering
layering_01678,1,layering
layering_01679,1,layering
layering_01680,1,layering
layering_01681,1,layering
layering_01682,1,layering
layering_01683,1,layering
layering_01686,1,layering
layering_01688,1,layering
layering_01690,1,layering
layering_01691,1,layering
layering_01692,1,layering
layering_01694,1,layering
layering_01695,1,layering
layering_01696,1,layering
layering_01698,1,layering
mixing_01702,1,mixing
mixing_01703,1,mixing
mixing_01704,1,mixing
mixing_01705,1,mixing
mixing_01706,1,mixing
mixing_01707,1,mixing
mixing_01708,1,mixing
mixing_01710,1,mixing
mixing_01711,1,mixing
mixing_01712,1,mixing
mixing_01714,1,mixing
mixing_01715,1,mixing
mixing_01716,1,mixing
mixing_01717,1,mixing
mixing_01718,1,mixing
mixing_01719,1,mixing
mixing_01721,1,mixing
mixing_01723,1,mixing
mixing_01724,1,mixing
mixing_01725,1,mixing
mixing_01726,1,mixing
mixing_01727,1,mixing
mixing_01728,1,mixing
mixing_01729,1,mixing
mixing_01730,1,mixing
mixing_01732,1,mixing
mixing_01733,1,mixing
mixing_01734,1,mixing
mixing_01735,1,mixing
mixing_01736,1,mixing
mixing_01737,1,mixing
mixing_01738,1,mixing
mixing_01739,1,mixing
mixing_01741,1,mixing
mixing_01742,1,mixing
mixing_01743,1,mixing
mixing_01744,1,mixing
mixing_01745,1,mixing
mixing_01746,1,mixing
mixing_01747,1,mixing
mixing_01748,1,mixing
mixing_01749,1,mixing
mixing_01750,1,mixing
mixing_01751,1,mixing
mixing_01752,1,mixing
mixing_01753,1,mixing
mixing_01754,1,mixing
mixing_01755,1,mixing
mixing_01756,1,mixing
mixing_01757,1,mixing
mixing_01759,1,mixing
mixing_01761,1,mixing
mixing_01762,1,mixing
mixing_01763,1,mixing
mixing_01766,1,mixing
mixing_01768,1,mixing
mixing_01769,1,mixing
mixing_01770,1,mixing
mixing_01772,1,mixing
mixing_01773,1,mixing
mixing_01774,1,mixing
mixing_01775,1,mixing
mixing_01776,1,mixing
mixing_01777,1,mixing
mixing_01778,1,mixing
mixing_01779,1,mixing
mixing_01780,1,mixing
mixing_01781,1,mixing
mixing_01783,1,mixing
mixing_01784,1,mixing
mixing_01785,1,mixing
mixing_01786,1,mixing
mixing_01787,1,mixing
mixing_01788,1,mixing
mixing_01790,1,mixing
mixing_01791,1,mixing
mixing_01792,1,mixing
mixing_01793,1,mixing
mixing_01797,1,mixing
mixing_01799,1,mixing
mixing_01801,1,mixing
mixing_01803,1,mixing
mixing_01804,1,mixing
mixing_01805,1,mixing
mixing_01806,1,mixing
mixing_01808,1,mixing
mixing_01810,1,mixing
mixing_01811,1,mixing
mixing_01812,1,mixing
mixing_01813,1,mixing
mixing_01814,1,mixing
mixing_01815,1,mixing
mixing_01816,1,mixing
mixing_01819,1,mixing
mixing_01820,1,mixing
mixing_01821,1,mixing
mixing_01822,1,mixing
mixing_01823,1,mixing
mixing_01824,1,mixing
mixing_01825,1,mixing
mixing_01827,1,mixing
mixing_01829,1,mixing
mixing_01830,1,mixing
mixing_01831,1,mixing
mixing_01832,1,mixing
mixing_01833,1,mixing
mixing_01834,1,mixing
mixing_01835,1,mixing
mixing_01836,1,mixing
mixing_01837,1,mixing
mixing_01838,1,mixing
mixing_01839,1,mixing
mixing_01841,1,mixing
mixing_01842,1,mixing
mixing_01843,1,mixing
mixing_01845,1,mixing
mixing_01846,1,mixing
mixing_01847,1,mixing
mixing_01848,1,mixing
mixing_01849,1,mixing
normal_00001,0,normal
normal_00002,0,normal
normal_00003,0,normal
normal_00004,0,normal
normal_00005,0,normal
normal_00006,0,normal
normal_00008,0,normal
normal_00009,0,normal
normal_00011,0,normal
normal_00012,0,normal
normal_00013,0,normal
normal_00014,0,normal
normal_00015,0,normal
normal_00017,0,normal
normal_00018,0,normal
normal_00019,0,normal
normal_00020,0,normal
normal_00021,0,normal
normal_00025,0,normal
normal_00026,0,normal
normal_00027,0,normal
normal_00028,0,normal
normal_00029,0,normal
normal_00030,0,normal
normal_00032,0,normal
normal_00033,0,normal
normal_00034,0,normal
normal_00036,0,normal
normal_00037,0,normal
normal_00039,0,normal
normal_00040,0,normal
normal_00041,0,normal
normal_00042,0,normal
normal_00044,0,normal
normal_00045,0,normal
normal_00046,0,normal
normal_00047,0,normal
normal_00048,0,normal
normal_00049,0,normal
normal_00050,0,normal
normal_00051,0,normal
normal_00052,0,normal
normal_00053,0,normal
normal_00054,0,normal
normal_00057,0,normal
normal_00058,0,normal
normal_00060,0,normal
normal_00061,0,normal
normal_00062,0,normal
normal_00063,0,normal
normal_00066,0,normal
normal_00067,0,normal
normal_00068,0,normal
normal_00069,0,normal
normal_00070,0,normal
normal_00071,0,normal
normal_00072,0,normal
normal_00075,0,normal
normal_00076,0,normal
normal_00077,0,normal
normal_00078,0,normal
normal_00079,0,normal
normal_00082,0,normal
normal_00083,0,normal
normal_00084,0,normal
normal_00086,0,normal
normal_00087,0,normal
normal_00088,0,normal
normal_00089,0,normal
normal_00090,0,normal
normal_00091,0,normal
normal_00093,0,normal
normal_00094,0,normal
normal_00095,0,normal
normal_00096,0,normal
normal_00097,0,normal
normal_00098,0,normal
normal_00099,0,normal
normal_00100,0,normal
normal_00101,0,normal
normal_00102,0,normal
normal_00104,0,normal
normal_00105,0,normal
normal_00107,0,normal
normal_00108,0,normal
normal_00109,0,normal
normal_00110,0,normal
normal_00111,0,normal
normal_00112,0,normal
normal_00113,0,normal
normal_00116,0,normal
normal_00117,0,normal
normal_00118,0,normal
normal_00119,0,normal
normal_00120,0,normal
normal_00121,0,normal
normal_00122,0,normal
normal_00123,0,normal
normal_00124,0,normal
normal_00125,0,normal
normal_00126,0,normal
normal_00128,0,normal
normal_00129,0,normal
normal_00132,0,normal
normal_00134,0,normal
normal_00135,0,normal
normal_00136,0,normal
normal_00137,0,normal
normal_00138,0,normal
normal_00139,0,normal
normal_00141,0,normal
normal_00142,0,normal
normal_00144,0,normal
normal_00145,0,normal
normal_00146,0,normal
normal_00147,0,normal
normal_00148,0,normal
normal_00149,0,normal
normal_00150,0,normal
normal_00151,0,normal
normal_00152,0,normal
normal_00153,0,normal
normal_00154,0,normal
normal_00156,0,normal
normal_00157,0,normal
normal_00158,0,normal
normal_00159,0,normal
normal_00160,0,normal
normal_00162,0,normal
normal_00163,0,normal
normal_00165,0,normal
normal_00166,0,normal
normal_00167,0,normal
normal_00168,0,normal
normal_00169,0,normal
normal_00170,0,normal
normal_00171,0,normal
normal_00173,0,normal
normal_00174,0,normal
normal_00175,0,normal
normal_00176,0,normal
normal_00177,0,normal
normal_00179,0,normal
normal_00181,0,normal
normal_00183,0,normal
normal_00184,0,normal
normal_00185,0,normal
normal_00186,0,normal
normal_00187,0,normal
normal_00188,0,normal
normal_00189,0,normal
normal_00190,0,normal
normal_00191,0,normal
normal_00195,0,normal
normal_00196,0,normal
normal_00197,0,normal
normal_00199,0,normal
normal_00200,0,normal
normal_00201,0,normal
normal_00205,0,normal
normal_00206,0,normal
normal_00207,0,normal
normal_00208,0,normal
normal_00209,0,normal
normal_00210,0,normal
normal_00211,0,normal
normal_00213,0,normal
normal_00214,0,normal
normal_00215,0,normal
normal_00216,0,normal
normal_00217,0,normal
normal_00218,0,normal
normal_00219,0,normal
normal_00220,0,normal
normal_00221,0,normal
normal_00222,0,normal
normal_00223,0,normal
normal_00224,0,normal
normal_00225,0,normal
normal_00226,0,normal
normal_00227,0,normal
normal_00228,0,normal
normal_00232,0,normal
normal_00233,0,normal
normal_00234,0,normal
normal_00235,0,normal
normal_00237,0,normal
normal_00238,0,normal
normal_00239,0,normal
normal_00240,0,normal
normal_00242,0,normal
normal_00243,0,normal
normal_00244,0,normal
normal_00245,0,normal
normal_00248,0,normal
normal_00249,0,normal
normal_00250,0,normal
normal_00253,0,normal
normal_00254,0,normal
normal_00256,0,normal
normal_00257,0,normal
normal_00258,0,normal
normal_00259,0,normal
normal_00261,0,normal
normal_00263,0,normal
normal_00264,0,normal
normal_00265,0,normal
normal_00267,0,normal
normal_00268,0,normal
normal_00269,0,normal
normal_00270,0,normal
normal_00271,0,normal
normal_00272,0,normal
normal_00273,0,normal
normal_00274,0,normal
normal_00275,0,normal
normal_00276,0,normal
normal_00277,0,normal
normal_00279,0,normal
normal_00280,0,normal
normal_00281,0,normal
normal_00283,0,normal
normal_00284,0,normal
normal_00285,0,normal
normal_00286,0,normal
normal_00287,0,normal
normal_00288,0,normal
normal_00289,0,normal
normal_00291,0,normal
normal_00292,0,normal
normal_00293,0,normal
normal_00296,0,normal
normal_00297,0,normal
normal_00298,0,normal
normal_00300,0,normal
normal_00301,0,normal
normal_00303,0,normal
normal_00304,0,normal
normal_00305,0,normal
normal_00306,0,normal
normal_00307,0,normal
normal_00308,0,normal
normal_00310,0,normal
normal_00311,0,normal
normal_00314,0,normal
normal_00316,0,normal
normal_00317,0,normal
normal_00318,0,normal
normal_00319,0,normal
normal_00320,0,normal
normal_00321,0,normal
normal_00322,0,normal
normal_00324,0,normal
normal_00325,0,normal
normal_00326,0,normal
normal_00327,0,normal
normal_00328,0,normal
normal_00330,0,normal
normal_00331,0,normal
normal_00332,0,normal
normal_00333,0,normal
normal_00334,0,normal
normal_00335,0,normal
normal_00336,0,normal
normal_00338,0,normal
normal_00339,0,normal
normal_00340,0,normal
normal_00342,0,normal
normal_00344,0,normal
normal_00345,0,normal
normal_00346,0,normal
normal_00347,0,normal
normal_00348,0,normal
normal_00349,0,normal
normal_00350,0,normal
normal_00351,0,normal
normal_00352,0,normal
normal_00354,0,normal
normal_00355,0,normal
normal_00356,0,normal
normal_00357,0,normal
normal_00358,0,normal
normal_00359,0,normal
normal_00361,0,normal
normal_00362,0,normal
normal_00363,0,normal
normal_00364,0,normal
normal_00366,0,normal
normal_00367,0,normal
normal_00368,0,normal
normal_00369,0,normal
normal_00370,0,normal
normal_00371,0,normal
normal_00372,0,normal
normal_00373,0,normal
normal_00374,0,normal
normal_00375,0,normal
normal_00376,0,normal
normal_00377,0,normal
normal_00378,0,normal
normal_00381,0,normal
normal_00383,0,normal
normal_00384,0,normal
normal_00387,0,normal
normal_00388,0,normal
normal_00390,0,normal
normal_00391,0,normal
normal_00392,0,normal
normal_00393,0,normal
normal_00394,0,normal
normal_00395,0,normal
normal_00396,0,normal
normal_00397,0,normal
normal_00398,0,normal
normal_00399,0,normal
normal_00400,0,normal
normal_00401,0,normal
normal_00402,0,normal
normal_00404,0,normal
normal_00405,0,normal
normal_00406,0,normal
normal_00407,0,normal
normal_00408,0,normal
normal_00411,0,normal
normal_00412,0,normal
normal_00413,0,normal
normal_00414,0,normal
normal_00415,0,normal
normal_00416,0,normal
normal_00417,0,normal
normal_00418,0,normal
normal_00419,0,normal
normal_00420,0,normal
normal_00421,0,normal
normal_00422,0,normal
normal_00423,0,normal
normal_00424,0,normal
normal_00428,0,normal
normal_00429,0,normal
normal_00430,0,normal
normal_00431,0,normal
normal_00432,0,normal
normal_00434,0,normal
normal_00435,0,normal
normal_00436,0,normal
normal_00437,0,normal
normal_00438,0,normal
normal_00439,0,normal
normal_00440,0,normal
normal_00442,0,normal
normal_00443,0,normal
normal_00444,0,normal
normal_00445,0,normal
normal_00446,0,normal
normal_00447,0,normal
normal_00449,0,normal
normal_00450,0,normal
normal_00451,0,normal
normal_00452,0,normal
normal_00453,0,normal
normal_00454,0,normal
normal_00455,0,normal
normal_00457,0,normal
normal_00458,0,normal
normal_00459,0,normal
normal_00460,0,normal
normal_00461,0,normal
normal_00462,0,normal
normal_00464,0,normal
normal_00465,0,normal
normal_00467,0,normal
normal_00468,0,normal
normal_00469,0,normal
normal_00470,0,normal
normal_00471,0,normal
normal_00472,0,normal
normal_00473,0,normal
normal_00474,0,normal
normal_00475,0,normal
normal_00477,0,normal
normal_00479,0,normal
normal_00481,0,normal
normal_00482,0,normal
normal_00483,0,normal
normal_00485,0,normal
normal_00486,0,normal
normal_00487,0,normal
normal_00488,0,normal
normal_00489,0,normal
normal_00490,0,normal
normal_00495,0,normal
normal_00496,0,normal
normal_00497,0,normal
normal_00498,0,normal
normal_00499,0,normal
normal_00500,0,normal
normal_00501,0,normal
normal_00503,0,normal
normal_00504,0,normal
normal_00506,0,normal
normal_00507,0,normal
normal_00508,0,normal
normal_00509,0,normal
normal_00510,0,normal
normal_00511,0,normal
normal_00512,0,normal
normal_00513,0,normal
normal_00514,0,normal
normal_00515,0,normal
normal_00516,0,normal
normal_00517,0,normal
normal_00518,0,normal
normal_00519,0,normal
normal_00520,0,normal
normal_00521,0,normal
normal_00522,0,normal
normal_00523,0,normal
normal_00525,0,normal
normal_00526,0,normal
normal_00527,0,normal
normal_00528,0,normal
normal_00529,0,normal
normal_00532,0,normal
normal_00533,0,normal
normal_00534,0,normal
normal_00535,0,normal
normal_00536,0,normal
normal_00537,0,normal
normal_00538,0,normal
normal_00539,0,normal
normal_00541,0,normal
normal_00543,0,normal
normal_00545,0,normal
normal_00546,0,normal
normal_00547,0,normal
normal_00548,0,normal
normal_00549,0,normal
normal_00550,0,normal
normal_00552,0,normal
normal_00554,0,normal
normal_00556,0,normal
normal_00557,0,normal
normal_00558,0,normal
normal_00559,0,normal
normal_00560,0,normal
normal_00561,0,normal
normal_00562,0,normal
normal_00564,0,normal
normal_00565,0,normal
normal_00567,0,normal
normal_00568,0,normal
normal_00570,0,normal
normal_00572,0,normal
normal_00573,0,normal
normal_00574,0,normal
normal_00575,0,normal
normal_00578,0,normal
normal_00579,0,normal
normal_00580,0,normal
normal_00581,0,normal
normal_00582,0,normal
normal_00586,0,normal
normal_00589,0,normal
normal_00590,0,normal
normal_00591,0,normal
normal_00594,0,normal
normal_00595,0,normal
normal_00597,0,normal
normal_00598,0,normal
normal_00599,0,normal
normal_00600,0,normal
normal_00601,0,normal
normal_00602,0,normal
normal_00603,0,normal
normal_00608,0,normal
normal_00609,0,normal
normal_00610,0,normal
normal_00611,0,normal
normal_00612,0,normal
normal_00613,0,normal
normal_00614,0,normal
normal_00615,0,normal
normal_00616,0,normal
normal_00618,0,normal
normal_00619,0,normal
normal_00620,0,normal
normal_00621,0,normal
normal_00622,0,normal
normal_00623,0,normal
normal_00624,0,normal
normal_00625,0,normal
normal_00626,0,normal
normal_00627,0,normal
normal_00628,0,normal
normal_00629,0,normal
normal_00630,0,normal
normal_00631,0,normal
normal_00632,0,normal
normal_00634,0,normal
normal_00635,0,normal
normal_00636,0,normal
normal_00637,0,normal
normal_00638,0,normal
normal_00639,0,normal
normal_00640,0,normal
normal_00641,0,normal
normal_00642,0,normal
normal_00643,0,normal
normal_00645,0,normal
normal_00646,0,normal
normal_00647,0,normal
normal_00648,0,normal
normal_00649,0,normal
normal_00650,0,normal
normal_00651,0,normal
normal_00652,0,normal
normal_00653,0,normal
normal_00654,0,normal
normal_00655,0,normal
normal_00656,0,normal
normal_00659,0,normal
normal_00661,0,normal
normal_00662,0,normal
normal_00663,0,normal
normal_00664,0,normal
normal_00666,0,normal
normal_00668,0,normal
normal_00669,0,normal
normal_00670,0,normal
normal_00671,0,normal
normal_00672,0,normal
normal_00673,0,normal
normal_00674,0,normal
normal_00675,0,normal
normal_00676,0,normal
normal_00678,0,normal
normal_00679,0,normal
normal_00680,0,normal
normal_00681,0,normal
normal_00682,0,normal
normal_00683,0,normal
normal_00684,0,normal
normal_00685,0,normal
normal_00686,0,normal
normal_00687,0,normal
normal_00688,0,normal
normal_00690,0,normal
normal_00692,0,normal
normal_00693,0,normal
normal_00694,0,normal
normal_00695,0,normal
normal_00696,0,normal
normal_00699,0,normal
normal_00700,0,normal
normal_00701,0,normal
normal_00703,0,normal
normal_00705,0,normal
normal_00706,0,normal
normal_00708,0,normal
normal_00709,0,normal
normal_00710,0,normal
normal_00711,0,normal
normal_00712,0,normal
normal_00713,0,normal
normal_00714,0,normal
normal_00715,0,normal
normal_00717,0,normal
normal_00719,0,normal
normal_00720,0,normal
normal_00721,0,normal
normal_00723,0,normal
normal_00724,0,normal
normal_00725,0,normal
normal_00726,0,normal
normal_00727,0,normal
normal_00728,0,normal
normal_00729,0,normal
normal_00730,0,normal
normal_00731,0,normal
normal_00733,0,normal
normal_00734,0,normal
normal_00735,0,normal
normal_00736,0,normal
normal_00737,0,normal
normal_00738,0,normal
normal_00739,0,normal
normal_00741,0,normal
normal_00742,0,normal
normal_00743,0,normal
normal_00744,0,normal
normal_00745,0,normal
normal_00747,0,normal
normal_00749,0,normal
normal_00750,0,normal
normal_00751,0,normal
normal_00752,0,normal
normal_00753,0,normal
normal_00754,0,normal
normal_00755,0,normal
normal_00756,0,normal
normal_00757,0,normal
normal_00758,0,normal
normal_00759,0,normal
normal_00760,0,normal
normal_00761,0,normal
normal_00762,0,normal
normal_00763,0,normal
normal_00764,0,normal
normal_00765,0,normal
normal_00766,0,normal
normal_00767,0,normal
normal_00769,0,normal
normal_00770,0,normal
normal_00771,0,normal
normal_00774,0,normal
normal_00775,0,normal
normal_00776,0,normal
normal_00778,0,normal
normal_00779,0,normal
normal_00780,0,normal
normal_00782,0,normal
normal_00783,0,normal
normal_00784,0,normal
normal_00785,0,normal
normal_00786,0,normal
normal_00787,0,normal
normal_00788,0,normal
normal_00789,0,normal
normal_00790,0,normal
normal_00791,0,normal
normal_00793,0,normal
normal_00794,0,normal
normal_00795,0,normal
normal_00796,0,normal
normal_00797,0,normal
normal_00798,0,normal
normal_00799,0,normal
normal_00800,0,normal
normal_00801,0,normal
normal_00802,0,normal
normal_00803,0,normal
normal_00804,0,normal
normal_00805,0,normal
normal_00807,0,normal
normal_00808,0,normal
normal_00809,0,normal
normal_00810,0,normal
normal_00811,0,normal
normal_00812,0,normal
normal_00813,0,normal
normal_00814,0,normal
normal_00815,0,normal
normal_00816,0,normal
normal_00818,0,normal
normal_00819,0,normal
normal_00820,0,normal
normal_00821,0,normal
normal_00822,0,normal
normal_00825,0,normal
normal_00826,0,normal
normal_00827,0,normal
normal_00828,0,normal
normal_00829,0,normal
normal_00830,0,normal
normal_00831,0,normal
normal_00832,0,normal
normal_00833,0,normal
normal_00834,0,normal
normal_00835,0,normal
normal_00836,0,normal
normal_00838,0,normal
normal_00839,0,normal
normal_00841,0,normal
normal_00842,0,normal
normal_00844,0,normal
normal_00845,0,normal
normal_00846,0,normal
normal_00847,0,normal
normal_00849,0,normal
normal_00850,0,normal
normal_00851,0,normal
normal_00853,0,normal
normal_00854,0,normal
normal_00857,0,normal
normal_00858,0,normal
normal_00859,0,normal
normal_00860,0,normal
normal_00862,0,normal
normal_00863,0,normal
normal_00864,0,normal
normal_00865,0,normal
normal_00866,0,normal
normal_00867,0,normal
normal_00869,0,normal
normal_00870,0,normal
normal_00871,0,normal
normal_00872,0,normal
normal_00873,0,normal
normal_00874,0,normal
normal_00875,0,normal
normal_00876,0,normal
normal_00877,0,normal
normal_00878,0,normal
normal_00879,0,normal
normal_00880,0,normal
normal_00881,0,normal
normal_00882,0,normal
normal_00883,0,normal
normal_00886,0,normal
normal_00887,0,normal
normal_00888,0,normal
normal_00890,0,normal
normal_00891,0,normal
normal_00892,0,normal
normal_00893,0,normal
normal_00895,0,normal
normal_00896,0,normal
normal_00897,0,normal
normal_00898,0,normal
normal_00899,0,normal
normal_00900,0,normal
normal_00901,0,normal
normal_00902,0,normal
normal_00905,0,normal
normal_00907,0,normal
normal_00908,0,normal
normal_00910,0,normal
normal_00911,0,normal
normal_00913,0,normal
normal_00914,0,normal
normal_00916,0,normal
normal_00917,0,normal
normal_00918,0,normal
normal_00919,0,normal
normal_00920,0,normal
normal_00921,0,normal
normal_00922,0,normal
normal_00924,0,normal
normal_00925,0,normal
normal_00927,0,normal
normal_00928,0,normal
normal_00929,0,normal
normal_00930,0,normal
normal_00931,0,normal
normal_00932,0,normal
normal_00934,0,normal
normal_00935,0,normal
normal_00936,0,normal
normal_00937,0,normal
normal_00938,0,normal
normal_00939,0,normal
normal_00941,0,normal
normal_00943,0,normal
normal_00944,0,normal
normal_00945,0,normal
normal_00947,0,normal
normal_00948,0,normal
normal_00949,0,normal
normal_00950,0,normal
normal_00952,0,normal
normal_00953,0,normal
normal_00954,0,normal
normal_00955,0,normal
normal_00956,0,normal
normal_00957,0,normal
normal_00958,0,normal
normal_00959,0,normal
normal_00960,0,normal
normal_00961,0,normal
normal_00962,0,normal
normal_00963,0,normal
normal_00964,0,normal
normal_00965,0,normal
normal_00966,0,normal
normal_00967,0,normal
normal_00968,0,normal
normal_00969,0,normal
normal_00973,0,normal
normal_00974,0,normal
normal_00976,0,normal
normal_00977,0,normal
normal_00978,0,normal
normal_00979,0,normal
normal_00980,0,normal
normal_00981,0,normal
normal_00982,0,normal
normal_00983,0,normal
normal_00985,0,normal
normal_00986,0,normal
normal_00987,0,normal
normal_00988,0,normal
normal_00989,0,normal
normal_00990,0,normal
normal_00991,0,normal
normal_00992,0,normal
normal_00993,0,normal
normal_00994,0,normal
normal_00995,0,normal
normal_00996,0,normal
normal_00999,0,normal
peeling_chain_01401,1,peeling_chain
peeling_chain_01403,1,peeling_chain
peeling_chain_01404,1,peeling_chain
peeling_chain_01405,1,peeling_chain
peeling_chain_01406,1,peeling_chain
peeling_chain_01407,1,peeling_chain
peeling_chain_01408,1,peeling_chain
peeling_chain_01409,1,peeling_chain
peeling_chain_01410,1,peeling_chain
peeling_chain_01411,1,peeling_chain
peeling_chain_01412,1,peeling_chain
peeling_chain_01413,1,peeling_chain
peeling_chain_01414,1,peeling_chain
peeling_chain_01415,1,peeling_chain
peeling_chain_01416,1,peeling_chain
peeling_chain_01417,1,peeling_chain
peeling_chain_01418,1,peeling_chain
peeling_chain_01419,1,peeling_chain
peeling_chain_01420,1,peeling_chain
peeling_chain_01421,1,peeling_chain
peeling_chain_01422,1,peeling_chain
peeling_chain_01424,1,peeling_chain
peeling_chain_01425,1,peeling_chain
peeling_chain_01427,1,peeling_chain
peeling_chain_01428,1,peeling_chain
peeling_chain_01429,1,peeling_chain
peeling_chain_01430,1,peeling_chain
peeling_chain_01431,1,peeling_chain
peeling_chain_01432,1,peeling_chain
peeling_chain_01435,1,peeling_chain
peeling_chain_01436,1,peeling_chain
peeling_chain_01437,1,peeling_chain
peeling_chain_01438,1,peeling_chain
peeling_chain_01439,1,peeling_chain
peeling_chain_01440,1,peeling_chain
peeling_chain_01442,1,peeling_chain
peeling_chain_01444,1,peeling_chain
peeling_chain_01445,1,peeling_chain
peeling_chain_01446,1,peeling_chain
peeling_chain_01447,1,peeling_chain
peeling_chain_01448,1,peeling_chain
peeling_chain_01449,1,peeling_chain
peeling_chain_01452,1,peeling_chain
peeling_chain_01453,1,peeling_chain
peeling_chain_01454,1,peeling_chain
peeling_chain_01455,1,peeling_chain
peeling_chain_01457,1,peeling_chain
peeling_chain_01459,1,peeling_chain
peeling_chain_01460,1,peeling_chain
peeling_chain_01461,1,peeling_chain
peeling_chain_01462,1,peeling_chain
peeling_chain_01463,1,peeling_chain
peeling_chain_01464,1,peeling_chain
peeling_chain_01465,1,peeling_chain
peeling_chain_01466,1,peeling_chain
peeling_chain_01467,1,peeling_chain
peeling_chain_01468,1,peeling_chain
peeling_chain_01469,1,peeling_chain
peeling_chain_01470,1,peeling_chain
peeling_chain_01471,1,peeling_chain
peeling_chain_01472,1,peeling_chain
peeling_chain_01473,1,peeling_chain
peeling_chain_01474,1,peeling_chain
peeling_chain_01475,1,peeling_chain
peeling_chain_01476,1,peeling_chain
peeling_chain_01477,1,peeling_chain
peeling_chain_01479,1,peeling_chain
peeling_chain_01480,1,peeling_chain
peeling_chain_01481,1,peeling_chain
peeling_chain_01482,1,peeling_chain
peeling_chain_01483,1,peeling_chain
peeling_chain_01485,1,peeling_chain
peeling_chain_01487,1,peeling_chain
peeling_chain_01488,1,peeling_chain
peeling_chain_01489,1,peeling_chain
peeling_chain_01492,1,peeling_chain
peeling_chain_01493,1,peeling_chain
peeling_chain_01495,1,peeling_chain
peeling_chain_01496,1,peeling_chain
peeling_chain_01497,1,peeling_chain
peeling_chain_01498,1,peeling_chain
peeling_chain_01499,1,peeling_chain
peeling_chain_01500,1,peeling_chain
peeling_chain_01501,1,peeling_chain
peeling_chain_01502,1,peeling_chain
peeling_chain_01505,1,peeling_chain
peeling_chain_01506,1,peeling_chain
peeling_chain_01508,1,peeling_chain
peeling_chain_01509,1,peeling_chain
peeling_chain_01510,1,peeling_chain
peeling_chain_01511,1,peeling_chain
peeling_chain_01513,1,peeling_chain
peeling_chain_01514,1,peeling_chain
peeling_chain_01516,1,peeling_chain
peeling_chain_01517,1,peeling_chain
peeling_chain_01518,1,peeling_chain
peeling_chain_01519,1,peeling_chain
peeling_chain_01520,1,peeling_chain
peeling_chain_01521,1,peeling_chain
peeling_chain_01522,1,peeling_chain
peeling_chain_01523,1,peeling_chain
peeling_chain_01524,1,peeling_chain
peeling_chain_01525,1,peeling_chain
peeling_chain_01526,1,peeling_chain
peeling_chain_01527,1,peeling_chain
peeling_chain_01528,1,peeling_chain
peeling_chain_01530,1,peeling_chain
peeling_chain_01531,1,peeling_chain
peeling_chain_01533,1,peeling_chain
peeling_chain_01534,1,peeling_chain
peeling_chain_01537,1,peeling_chain
peeling_chain_01539,1,peeling_chain
peeling_chain_01540,1,peeling_chain
peeling_chain_01541,1,peeling_chain
peeling_chain_01542,1,peeling_chain
peeling_chain_01543,1,peeling_chain
peeling_chain_01544,1,peeling_chain
peeling_chain_01545,1,peeling_chain
peeling_chain_01548,1,peeling_chain
peeling_chain_01549,1,peeling_chain
ransomware_01001,1,ransomware
ransomware_01002,1,ransomware
ransomware_01004,1,ransomware
ransomware_01005,1,ransomware
ransomware_01007,1,ransomware
ransomware_01008,1,ransomware
ransomware_01009,1,ransomware
ransomware_01010,1,ransomware
ransomware_01011,1,ransomware
ransomware_01014,1,ransomware
ransomware_01015,1,ransomware
ransomware_01016,1,ransomware
ransomware_01017,1,ransomware
ransomware_01018,1,ransomware
ransomware_01019,1,ransomware
ransomware_01020,1,ransomware
ransomware_01022,1,ransomware
ransomware_01024,1,ransomware
ransomware_01025,1,ransomware
ransomware_01026,1,ransomware
ransomware_01027,1,ransomware
ransomware_01028,1,ransomware
ransomware_01030,1,ransomware
ransomware_01031,1,ransomware
ransomware_01032,1,ransomware
ransomware_01033,1,ransomware
ransomware_01034,1,ransomware
ransomware_01035,1,ransomware
ransomware_01036,1,ransomware
ransomware_01037,1,ransomware
ransomware_01040,1,ransomware
ransomware_01041,1,ransomware
ransomware_01042,1,ransomware
ransomware_01043,1,ransomware
ransomware_01044,1,ransomware
ransomware_01045,1,ransomware
ransomware_01046,1,ransomware
ransomware_01047,1,ransomware
ransomware_01048,1,ransomware
ransomware_01050,1,ransomware
ransomware_01051,1,ransomware
ransomware_01052,1,ransomware
ransomware_01053,1,ransomware
ransomware_01054,1,ransomware
ransomware_01055,1,ransomware
ransomware_01056,1,ransomware
ransomware_01057,1,ransomware
ransomware_01058,1,ransomware
ransomware_01059,1,ransomware
ransomware_01061,1,ransomware
ransomware_01062,1,ransomware
ransomware_01063,1,ransomware
ransomware_01064,1,ransomware
ransomware_01065,1,ransomware
ransomware_01066,1,ransomware
ransomware_01067,1,ransomware
ransomware_01068,1,ransomware
ransomware_01069,1,ransomware
ransomware_01070,1,ransomware
ransomware_01071,1,ransomware
ransomware_01072,1,ransomware
ransomware_01073,1,ransomware
ransomware_01074,1,ransomware
ransomware_01076,1,ransomware
ransomware_01078,1,ransomware
ransomware_01079,1,ransomware
ransomware_01080,1,ransomware
ransomware_01081,1,ransomware
ransomware_01082,1,ransomware
ransomware_01084,1,ransomware
ransomware_01085,1,ransomware
ransomware_01086,1,ransomware
ransomware_01087,1,ransomware
ransomware_01089,1,ransomware
ransomware_01090,1,ransomware
ransomware_01091,1,ransomware
ransomware_01093,1,ransomware
ransomware_01094,1,ransomware
ransomware_01095,1,ransomware
ransomware_01096,1,ransomware
ransomware_01098,1,ransomware
ransomware_01100,1,ransomware
ransomware_01101,1,ransomware
ransomware_01103,1,ransomware
ransomware_01104,1,ransomware
ransomware_01106,1,ransomware
ransomware_01107,1,ransomware
ransomware_01108,1,ransomware
ransomware_01110,1,ransomware
ransomware_01111,1,ransomware
ransomware_01112,1,ransomware
ransomware_01113,1,ransomware
ransomware_01114,1,ransomware
ransomware_01115,1,ransomware
ransomware_01116,1,ransomware
ransomware_01117,1,ransomware
ransomware_01120,1,ransomware
ransomware_01121,1,ransomware
ransomware_01122,1,ransomware
ransomware_01123,1,ransomware
ransomware_01124,1,ransomware
ransomware_01125,1,ransomware
ransomware_01127,1,ransomware
ransomware_01130,1,ransomware
ransomware_01131,1,ransomware
ransomware_01132,1,ransomware
ransomware_01133,1,ransomware
ransomware_01134,1,ransomware
ransomware_01135,1,ransomware
ransomware_01136,1,ransomware
ransomware_01137,1,ransomware
ransomware_01138,1,ransomware
ransomware_01139,1,ransomware
ransomware_01140,1,ransomware
ransomware_01141,1,ransomware
ransomware_01142,1,ransomware
ransomware_01145,1,ransomware
ransomware_01146,1,ransomware
ransomware_01147,1,ransomware
ransomware_01148,1,ransomware
ransomware_01149,1,ransomware
ransomware_01150,1,ransomware
ransomware_01151,1,ransomware
ransomware_01152,1,ransomware
ransomware_01154,1,ransomware
ransomware_01155,1,ransomware
ransomware_01157,1,ransomware
ransomware_01158,1,ransomware
ransomware_01159,1,ransomware
ransomware_01160,1,ransomware
ransomware_01162,1,ransomware
ransomware_01163,1,ransomware
ransomware_01164,1,ransomware
ransomware_01165,1,ransomware
ransomware_01167,1,ransomware
ransomware_01168,1,ransomware
ransomware_01169,1,ransomware
ransomware_01170,1,ransomware
ransomware_01171,1,ransomware
ransomware_01172,1,ransomware
ransomware_01173,1,ransomware
ransomware_01174,1,ransomware
ransomware_01176,1,ransomware
ransomware_01177,1,ransomware
ransomware_01178,1,ransomware
ransomware_01180,1,ransomware
ransomware_01181,1,ransomware
ransomware_01182,1,ransomware
ransomware_01183,1,ransomware
ransomware_01184,1,ransomware
ransomware_01186,1,ransomware
ransomware_01187,1,ransomware
ransomware_01188,1,ransomware
ransomware_01189,1,ransomware
ransomware_01190,1,ransomware
ransomware_01191,1,ransomware
ransomware_01192,1,ransomware
ransomware_01194,1,ransomware
ransomware_01195,1,ransomware
ransomware_01196,1,ransomware
ransomware_01197,1,ransomware
ransomware_01198,1,ransomware
ransomware_01199,1,ransomware
ransomware_01200,1,ransomware
ransomware_01202,1,ransomware
ransomware_01203,1,ransomware
ransomware_01204,1,ransomware
ransomware_01205,1,ransomware
ransomware_01206,1,ransomware
ransomware_01207,1,ransomware
ransomware_01209,1,ransomware
ransomware_01210,1,ransomware
ransomware_01211,1,ransomware
ransomware_01213,1,ransomware
ransomware_01214,1,ransomware
ransomware_01215,1,ransomware
ransomware_01216,1,ransomware
ransomware_01217,1,ransomware
ransomware_01218,1,ransomware
ransomware_01219,1,ransomware
ransomware_01220,1,ransomware
ransomware_01221,1,ransomware
ransomware_01222,1,ransomware
ransomware_01223,1,ransomware
ransomware_01224,1,ransomware
ransomware_01225,1,ransomware
ransomware_01226,1,ransomware
ransomware_01227,1,ransomware
ransomware_01228,1,ransomware
ransomware_01229,1,ransomware
ransomware_01230,1,ransomware
ransomware_01231,1,ransomware
ransomware_01233,1,ransomware
ransomware_01234,1,ransomware
ransomware_01235,1,ransomware
ransomware_01236,1,ransomware
ransomware_01237,1,ransomware
ransomware_01238,1,ransomware
ransomware_01241,1,ransomware
ransomware_01242,1,ransomware
ransomware_01243,1,ransomware
ransomware_01245,1,ransomware
ransomware_01246,1,ransomware
ransomware_01249,1,ransomware
ransomware_01250,1,ransomware
ransomware_01252,1,ransomware
ransomware_01253,1,ransomware
ransomware_01255,1,ransomware
ransomware_01256,1,ransomware
ransomware_01257,1,ransomware
ransomware_01258,1,ransomware
ransomware_01260,1,ransomware
ransomware_01261,1,ransomware
ransomware_01263,1,ransomware
ransomware_01264,1,ransomware
ransomware_01265,1,ransomware
ransomware_01266,1,ransomware
ransomware_01267,1,ransomware
ransomware_01268,1,ransomware
ransomware_01269,1,ransomware
ransomware_01270,1,ransomware
ransomware_01271,1,ransomware
ransomware_01272,1,ransomware
ransomware_01273,1,ransomware
ransomware_01274,1,ransomware
ransomware_01275,1,ransomware
ransomware_01276,1,ransomware
ransomware_01277,1,ransomware
ransomware_01278,1,ransomware
ransomware_01279,1,ransomware
ransomware_01280,1,ransomware
ransomware_01281,1,ransomware
ransomware_01284,1,ransomware
ransomware_01285,1,ransomware
ransomware_01286,1,ransomware
ransomware_01287,1,ransomware
ransomware_01288,1,ransomware
ransomware_01290,1,ransomware
ransomware_01291,1,ransomware
ransomware_01292,1,ransomware
ransomware_01294,1,ransomware
ransomware_01295,1,ransomware
ransomware_01297,1,ransomware
ransomware_01299,1,ransomware
ransomware_01300,1,ransomware
ransomware_01302,1,ransomware
ransomware_01303,1,ransomware
ransomware_01304,1,ransomware
ransomware_01305,1,ransomware
ransomware_01306,1,ransomware
ransomware_01307,1,ransomware
ransomware_01308,1,ransomware
ransomware_01309,1,ransomware
ransomware_01311,1,ransomware
ransomware_01313,1,ransomware
ransomware_01314,1,ransomware
ransomware_01317,1,ransomware
ransomware_01318,1,ransomware
ransomware_01319,1,ransomware
ransomware_01320,1,ransomware
ransomware_01321,1,ransomware
ransomware_01322,1,ransomware
ransomware_01323,1,ransomware
ransomware_01325,1,ransomware
ransomware_01326,1,ransomware
ransomware_01327,1,ransomware
ransomware_01328,1,ransomware
ransomware_01329,1,ransomware
ransomware_01330,1,ransomware
ransomware_01333,1,ransomware
ransomware_01336,1,ransomware
ransomware_01337,1,ransomware
ransomware_01338,1,ransomware
ransomware_01341,1,ransomware
ransomware_01343,1,ransomware
ransomware_01344,1,ransomware
ransomware_01345,1,ransomware
ransomware_01346,1,ransomware
ransomware_01348,1,ransomware
ransomware_01349,1,ransomware
ransomware_01350,1,ransomware
ransomware_01351,1,ransomware
ransomware_01352,1,ransomware
ransomware_01353,1,ransomware
ransomware_01354,1,ransomware
ransomware_01355,1,ransomware
ransomware_01356,1,ransomware
ransomware_01357,1,ransomware
ransomware_01358,1,ransomware
ransomware_01359,1,ransomware
ransomware_01360,1,ransomware
ransomware_01361,1,ransomware
ransomware_01362,1,ransomware
ransomware_01364,1,ransomware
ransomware_01367,1,ransomware
ransomware_01368,1,ransomware
ransomware_01369,1,ransomware
ransomware_01370,1,ransomware
ransomware_01371,1,ransomware
ransomware_01372,1,ransomware
ransomware_01373,1,ransomware
ransomware_01374,1,ransomware
ransomware_01375,1,ransomware
ransomware_01376,1,ransomware
ransomware_01377,1,ransomware
ransomware_01378,1,ransomware
ransomware_01379,1,ransomware
ransomware_01380,1,ransomware
ransomware_01383,1,ransomware
ransomware_01384,1,ransomware
ransomware_01386,1,ransomware
ransomware_01388,1,ransomware
ransomware_01389,1,ransomware
ransomware_01391,1,ransomware
ransomware_01392,1,ransomware
ransomware_01393,1,ransomware
ransomware_01395,1,ransomware
ransomware_01398,1,ransomware
ransomware_01399,1,ransomware
ransomware_01400,1,ransomware
