scenario_id,is_illicit,pattern_type,n_txns
normal_00006,0,normal,8
normal_00007,0,normal,8
normal_00008,0,normal,8
normal_00009,0,normal,8
normal_00010,0,normal,8
normal_00012,0,normal,8
normal_00014,0,normal,8
normal_00015,0,normal,8
normal_00017,0,normal,8
normal_00021,0,normal,8
normal_00023,0,normal,8
normal_00024,0,normal,8
normal_00026,0,normal,8
normal_00028,0,normal,8
normal_00029,0,normal,8
normal_00032,0,normal,8
normal_00034,0,normal,8
normal_00036,0,normal,8
normal_00038,0,normal,8
normal_00040,0,normal,8
normal_00041,0,normal,8
normal_00053,0,normal,8
normal_00055,0,normal,8
normal_00057,0,normal,8
normal_00058,0,normal,8
normal_00064,0,normal,8
normal_00065,0,normal,8
normal_00068,0,normal,8
normal_00073,0,normal,8
normal_00075,0,normal,8
normal_00076,0,normal,8
normal_00077,0,normal,8
normal_00085,0,normal,8
normal_00088,0,normal,8
normal_00094,0,normal,8
normal_00097,0,normal,8
normal_00098,0,normal,8
normal_00099,0,normal,8
normal_00106,0,normal,8
normal_00111,0,normal,8
normal_00112,0,normal,8
normal_00113,0,normal,8
normal_00114,0,normal,8
normal_00117,0,normal,8
normal_00120,0,normal,8
normal_00122,0,normal,8
normal_00126,0,normal,8
normal_00127,0,normal,8
normal_00128,0,normal,8
normal_00131,0,normal,8
normal_00134,0,normal,8
normal_00136,0,normal,8
normal_00137,0,normal,8
normal_00140,0,normal,8
normal_00144,0,normal,8
normal_00147,0,normal,8
normal_00148,0,normal,8
normal_00149,0,normal,8
normal_00150,0,normal,8
normal_00152,0,normal,8
normal_00153,0,normal,8
normal_00154,0,normal,8
normal_00156,0,normal,8
normal_00157,0,normal,8
normal_00158,0,normal,8
normal_00159,0,normal,8
normal_00161,0,normal,8
normal_00162,0,normal,8
normal_00164,0,normal,8
normal_00167,0,normal,8
normal_00168,0,normal,8
normal_00170,0,normal,8
normal_00172,0,normal,8
normal_00174,0,normal,8
normal_00175,0,normal,8
normal_00176,0,normal,8
normal_00178,0,normal,8
normal_00181,0,normal,8
normal_00183,0,normal,8
normal_00184,0,normal,8
normal_00187,0,normal,8
normal_00189,0,normal,8
normal_00190,0,normal,8
normal_00193,0,normal,8
normal_00195,0,normal,8
normal_00196,0,normal,8
normal_00205,0,normal,8
normal_00207,0,normal,8
normal_00208,0,normal,8
normal_00210,0,normal,8
normal_00211,0,normal,8
normal_00215,0,normal,8
normal_00216,0,normal,8
normal_00217,0,normal,8
normal_00219,0,normal,8
normal_00220,0,normal,8
normal_00221,0,normal,8
normal_00223,0,normal,8
normal_00224,0,normal,8
normal_00225,0,normal,8
normal_00226,0,normal,8
normal_00231,0,normal,8
normal_00232,0,normal,8
normal_00233,0,normal,8
normal_00234,0,normal,8
normal_00237,0,normal,8
normal_00242,0,normal,8
normal_00243,0,normal,8
normal_00245,0,normal,8
normal_00246,0,normal,8
normal_00247,0,normal,8
normal_00248,0,normal,8
normal_00249,0,normal,8
normal_00250,0,normal,8
normal_00253,0,normal,8
normal_00254,0,normal,8
normal_00255,0,normal,8
normal_00257,0,normal,8
normal_00258,0,normal,8
normal_00261,0,normal,8
normal_00263,0,normal,8
normal_00265,0,normal,8
normal_00266,0,normal,8
normal_00267,0,normal,8
normal_00270,0,normal,8
normal_00271,0,normal,8
normal_00273,0,normal,8
normal_00275,0,normal,8
normal_00276,0,normal,8
normal_00278,0,normal,8
normal_00279,0,normal,8
normal_00280,0,normal,8
normal_00282,0,normal,8
normal_00283,0,normal,8
normal_00286,0,normal,8
normal_00288,0,normal,8
normal_00290,0,normal,8
normal_00291,0,normal,8
normal_00292,0,normal,8
normal_00295,0,normal,8
normal_00297,0,normal,8
normal_00300,0,normal,8
normal_00301,0,normal,8
normal_00302,0,normal,8
normal_00305,0,normal,8
normal_00308,0,normal,8
normal_00310,0,normal,8
normal_00311,0,normal,8
normal_00313,0,normal,8
normal_00314,0,normal,8
normal_00317,0,normal,8
normal_00319,0,normal,8
normal_00320,0,normal,8
normal_00322,0,normal,8
normal_00325,0,normal,8
normal_00326,0,normal,8
normal_00331,0,normal,8
normal_00334,0,normal,8
normal_00335,0,normal,8
normal_00336,0,normal,8
normal_00337,0,normal,8
normal_00339,0,normal,8
normal_00341,0,normal,8
normal_00343,0,normal,8
normal_00344,0,normal,8
normal_00346,0,normal,8
normal_00349,0,normal,8
normal_00350,0,normal,8
normal_00352,0,normal,8
normal_00357,0,normal,8
normal_00358,0,normal,8
normal_00359,0,normal,8
normal_00360,0,normal,8
normal_00362,0,normal,8
normal_00363,0,normal,8
normal_00366,0,normal,8
normal_00371,0,normal,8
normal_00372,0,normal,8
normal_00374,0,normal,8
normal_00377,0,normal,8
normal_00384,0,normal,8
normal_00385,0,normal,8
normal_00387,0,normal,8
normal_00388,0,normal,8
normal_00389,0,normal,8
normal_00391,0,normal,8
normal_00393,0,normal,8
normal_00395,0,normal,8
normal_00396,0,normal,8
normal_00398,0,normal,8
normal_00404,0,normal,8
normal_00406,0,normal,8
normal_00407,0,normal,8
normal_00409,0,normal,8
normal_00410,0,normal,8
normal_00412,0,normal,8
normal_00413,0,normal,8
normal_00414,0,normal,8
normal_00417,0,normal,8
normal_00418,0,normal,8
normal_00420,0,normal,8
normal_00422,0,normal,8
normal_00424,0,normal,8
normal_00426,0,normal,8
normal_00428,0,normal,8
normal_00429,0,normal,8
normal_00434,0,normal,8
normal_00435,0,normal,8
normal_00436,0,normal,8
normal_00440,0,normal,8
normal_00441,0,normal,8
normal_00442,0,normal,8
normal_00443,0,normal,8
normal_00444,0,normal,8
normal_00448,0,normal,8
normal_00449,0,normal,8
normal_00450,0,normal,8
normal_00451,0,normal,8
normal_00452,0,normal,8
normal_00454,0,normal,8
normal_00457,0,normal,8
normal_00462,0,normal,8
normal_00463,0,normal,8
normal_00464,0,normal,8
normal_00466,0,normal,8
normal_00468,0,normal,8
normal_00469,0,normal,8
normal_00472,0,normal,8
normal_00477,0,normal,8
normal_00479,0,normal,8
normal_00481,0,normal,8
normal_00482,0,normal,8
normal_00486,0,normal,8
normal_00488,0,normal,8
normal_00492,0,normal,8
normal_00493,0,normal,8
normal_00498,0,normal,8
normal_00500,0,normal,8
normal_00503,0,normal,8
normal_00511,0,normal,8
normal_00514,0,normal,8
normal_00515,0,normal,8
normal_00516,0,normal,8
normal_00517,0,normal,8
normal_00518,0,normal,8
normal_00519,0,normal,8
normal_00520,0,normal,8
normal_00521,0,normal,8
normal_00524,0,normal,8
normal_00525,0,normal,8
normal_00526,0,normal,8
normal_00527,0,normal,8
normal_00530,0,normal,8
normal_00532,0,normal,8
normal_00533,0,normal,8
normal_00534,0,normal,8
normal_00542,0,normal,8
normal_00543,0,normal,8
normal_00547,0,normal,8
normal_00549,0,normal,8
normal_00550,0,normal,8
normal_00552,0,normal,8
normal_00556,0,normal,8
normal_00560,0,normal,8
normal_00562,0,normal,8
normal_00564,0,normal,8
normal_00565,0,normal,8
normal_00567,0,normal,8
normal_00569,0,normal,8
normal_00570,0,normal,8
normal_00571,0,normal,8
normal_00577,0,normal,8
normal_00579,0,normal,8
normal_00580,0,normal,8
normal_00581,0,normal,8
normal_00585,0,normal,8
normal_00586,0,normal,8
normal_00587,0,normal,8
normal_00588,0,normal,8
normal_00591,0,normal,8
normal_00592,0,normal,8
normal_00595,0,normal,8
normal_00597,0,normal,8
normal_00599,0,normal,8
normal_00600,0,normal,8
normal_00602,0,normal,8
normal_00606,0,normal,8
normal_00612,0,normal,8
normal_00614,0,normal,8
normal_00616,0,normal,8
normal_00617,0,normal,8
normal_00618,0,normal,8
normal_00620,0,normal,8
normal_00621,0,normal,8
normal_00624,0,normal,8
normal_00625,0,normal,8
normal_00627,0,normal,8
normal_00628,0,normal,8
normal_00633,0,normal,8
normal_00635,0,normal,8
normal_00636,0,normal,8
normal_00637,0,normal,8
normal_00638,0,normal,8
normal_00639,0,normal,8
normal_00641,0,normal,8
normal_00644,0,normal,8
normal_00645,0,normal,8
normal_00646,0,normal,8
normal_00653,0,normal,8
normal_00656,0,normal,8
normal_00657,0,normal,8
normal_00658,0,normal,8
normal_00659,0,normal,8
normal_00660,0,normal,8
normal_00662,0,normal,8
normal_00667,0,normal,8
normal_00668,0,normal,8
normal_00669,0,normal,8
normal_00670,0,normal,8
normal_00671,0,normal,8
normal_00672,0,normal,8
normal_00673,0,normal,8
normal_00674,0,normal,8
normal_00675,0,normal,8
normal_00676,0,normal,8
normal_00677,0,normal,8
normal_00679,0,normal,8
normal_00680,0,normal,8
normal_00683,0,normal,8
normal_00685,0,normal,8
normal_00686,0,normal,8
normal_00687,0,normal,8
normal_00689,0,normal,8
normal_00691,0,normal,8
normal_00692,0,normal,8
normal_00694,0,normal,8
normal_00696,0,normal,8
normal_00700,0,normal,8
normal_00701,0,normal,8
normal_00703,0,normal,8
normal_00704,0,normal,8
normal_00705,0,normal,8
normal_00707,0,normal,8
normal_00708,0,normal,8
normal_00709,0,normal,8
normal_00710,0,normal,8
normal_00712,0,normal,8
normal_00719,0,normal,8
normal_00722,0,normal,8
normal_00725,0,normal,8
normal_00726,0,normal,8
normal_00727,0,normal,8
normal_00728,0,normal,8
normal_00732,0,normal,8
normal_00733,0,normal,8
normal_00734,0,normal,8
normal_00737,0,normal,8
normal_00738,0,normal,8
normal_00741,0,normal,8
normal_00742,0,normal,8
normal_00745,0,normal,8
normal_00746,0,normal,8
normal_00747,0,normal,8
normal_00750,0,normal,8
normal_00751,0,normal,8
normal_00753,0,normal,8
normal_00756,0,normal,8
normal_00757,0,normal,8
normal_00763,0,normal,8
normal_00766,0,normal,8
normal_00767,0,normal,8
normal_00768,0,normal,8
normal_00769,0,normal,8
normal_00771,0,normal,8
normal_00772,0,normal,8
normal_00775,0,normal,8
normal_00776,0,normal,8
normal_00777,0,normal,8
normal_00780,0,normal,8
normal_00782,0,normal,8
normal_00783,0,normal,8
normal_00784,0,normal,8
normal_00785,0,normal,8
normal_00792,0,normal,8
normal_00794,0,normal,8
normal_00795,0,normal,8
normal_00796,0,normal,8
normal_00797,0,normal,8
normal_00798,0,normal,8
normal_00800,0,normal,8
normal_00805,0,normal,8
normal_00807,0,normal,8
normal_00811,0,normal,8
normal_00812,0,normal,8
normal_00816,0,normal,8
normal_00820,0,normal,8
normal_00821,0,normal,8
normal_00822,0,normal,8
normal_00823,0,normal,8
normal_00825,0,normal,8
normal_00826,0,normal,8
normal_00827,0,normal,8
normal_00828,0,normal,8
normal_00831,0,normal,8
normal_00833,0,normal,8
normal_00834,0,normal,8
normal_00837,0,normal,8
normal_00838,0,normal,8
normal_00839,0,normal,8
normal_00842,0,normal,8
normal_00844,0,normal,8
normal_00845,0,normal,8
normal_00846,0,normal,8
normal_00847,0,normal,8
normal_00848,0,normal,8
normal_00850,0,normal,8
normal_00852,0,normal,8
normal_00855,0,normal,8
normal_00856,0,normal,8
normal_00857,0,normal,8
normal_00859,0,normal,8
normal_00860,0,normal,8
normal_00861,0,normal,8
normal_00865,0,normal,8
normal_00866,0,normal,8
normal_00867,0,normal,8
normal_00868,0,normal,8
normal_00869,0,normal,8
normal_00871,0,normal,8
normal_00872,0,normal,8
normal_00874,0,normal,8
normal_00879,0,normal,8
normal_00880,0,normal,8
normal_00883,0,normal,8
normal_00885,0,normal,8
normal_00886,0,normal,8
normal_00887,0,normal,8
normal_00888,0,normal,8
normal_00890,0,normal,8
normal_00891,0,normal,8
normal_00892,0,normal,8
normal_00893,0,normal,8
normal_00894,0,normal,8
normal_00895,0,normal,8
normal_00896,0,normal,8
normal_00897,0,normal,8
normal_00898,0,normal,8
normal_00901,0,normal,8
normal_00903,0,normal,8
normal_00904,0,normal,8
normal_00905,0,normal,8
normal_00907,0,normal,8
normal_00908,0,normal,8
normal_00911,0,normal,8
normal_00912,0,normal,8
normal_00913,0,normal,8
normal_00915,0,normal,8
normal_00919,0,normal,8
normal_00920,0,normal,8
normal_00922,0,normal,8
normal_00924,0,normal,8
normal_00930,0,normal,8
normal_00931,0,normal,8
normal_00932,0,normal,8
normal_00935,0,normal,8
normal_00938,0,normal,8
normal_00941,0,normal,8
normal_00942,0,normal,8
normal_00944,0,normal,8
normal_00945,0,normal,8
normal_00946,0,normal,8
normal_00947,0,normal,8
normal_00948,0,normal,8
normal_00949,0,normal,8
normal_00950,0,normal,8
normal_00954,0,normal,8
normal_00955,0,normal,8
normal_00957,0,normal,8
normal_00960,0,normal,8
normal_00965,0,normal,8
normal_00969,0,normal,8
normal_00970,0,normal,8
normal_00971,0,normal,8
normal_00972,0,normal,8
normal_00973,0,normal,8
normal_00976,0,normal,8
normal_00977,0,normal,8
normal_00978,0,normal,8
normal_00980,0,normal,8
normal_00981,0,normal,8
normal_00983,0,normal,8
normal_00984,0,normal,8
normal_00985,0,normal,8
normal_00986,0,normal,8
normal_00990,0,normal,8
normal_00991,0,normal,8
normal_00994,0,normal,8
normal_00995,0,normal,8
normal_00996,0,normal,8
normal_00997,0,normal,8
ransomware_01001,1,ransomware,180
ransomware_01002,1,ransomware,180
ransomware_01003,1,ransomware,180
ransomware_01004,1,ransomware,180
ransomware_01005,1,ransomware,180
ransomware_01007,1,ransomware,180
ransomware_01008,1,ransomware,180
ransomware_01010,1,ransomware,180
ransomware_01014,1,ransomware,180
ransomware_01015,1,ransomware,180
ransomware_01019,1,ransomware,180
ransomware_01020,1,ransomware,180
ransomware_01022,1,ransomware,180
ransomware_01023,1,ransomware,180
ransomware_01025,1,ransomware,180
ransomware_01028,1,ransomware,180
ransomware_01030,1,ransomware,180
ransomware_01032,1,ransomware,180
ransomware_01034,1,ransomware,180
ransomware_01035,1,ransomware,180
ransomware_01036,1,ransomware,180
ransomware_01037,1,ransomware,180
ransomware_01040,1,ransomware,180
ransomware_01042,1,ransomware,180
ransomware_01044,1,ransomware,180
ransomware_01045,1,ransomware,180
ransomware_01048,1,ransomware,180
ransomware_01052,1,ransomware,180
ransomware_01053,1,ransomware,180
ransomware_01054,1,ransomware,180
ransomware_01055,1,ransomware,180
ransomware_01057,1,ransomware,180
ransomware_01058,1,ransomware,180
ransomware_01059,1,ransomware,180
ransomware_01065,1,ransomware,180
ransomware_01066,1,ransomware,180
ransomware_01068,1,ransomware,180
ransomware_01069,1,ransomware,180
ransomware_01070,1,ransomware,180
ransomware_01071,1,ransomware,180
ransomware_01072,1,ransomware,180
ransomware_01074,1,ransomware,180
ransomware_01076,1,ransomware,180
ransomware_01079,1,ransomware,180
ransomware_01081,1,ransomware,180
ransomware_01083,1,ransomware,180
ransomware_01085,1,ransomware,180
ransomware_01086,1,ransomware,180
ransomware_01088,1,ransomware,180
ransomware_01090,1,ransomware,180
ransomware_01093,1,ransomware,180
ransomware_01095,1,ransomware,180
ransomware_01097,1,ransomware,180
ransomware_01102,1,ransomware,180
ransomware_01103,1,ransomware,180
ransomware_01106,1,ransomware,180
ransomware_01107,1,ransomware,180
ransomware_01108,1,ransomware,180
ransomware_01112,1,ransomware,180
ransomware_01113,1,ransomware,180
ransomware_01115,1,ransomware,180
ransomware_01117,1,ransomware,180
ransomware_01118,1,ransomware,180
ransomware_01120,1,ransomware,180
ransomware_01121,1,ransomware,180
ransomware_01128,1,ransomware,180
ransomware_01130,1,ransomware,180
ransomware_01133,1,ransomware,180
ransomware_01134,1,ransomware,180
ransomware_01136,1,ransomware,180
ransomware_01138,1,ransomware,180
ransomware_01139,1,ransomware,180
ransomware_01140,1,ransomware,180
ransomware_01143,1,ransomware,180
ransomware_01144,1,ransomware,180
ransomware_01145,1,ransomware,180
ransomware_01146,1,ransomware,180
ransomware_01149,1,ransomware,180
ransomware_01151,1,ransomware,180
ransomware_01155,1,ransomware,180
ransomware_01156,1,ransomware,180
ransomware_01157,1,ransomware,180
ransomware_01161,1,ransomware,180
ransomware_01162,1,ransomware,180
ransomware_01163,1,ransomware,180
ransomware_01164,1,ransomware,180
ransomware_01166,1,ransomware,180
ransomware_01167,1,ransomware,180
ransomware_01168,1,ransomware,180
ransomware_01171,1,ransomware,180
ransomware_01173,1,ransomware,180
ransomware_01174,1,ransomware,180
ransomware_01176,1,ransomware,180
ransomware_01178,1,ransomware,180
ransomware_01181,1,ransomware,180
ransomware_01186,1,ransomware,180
ransomware_01187,1,ransomware,180
ransomware_01191,1,ransomware,180
ransomware_01194,1,ransomware,180
ransomware_01195,1,ransomware,180
ransomware_01196,1,ransomware,180
ransomware_01201,1,ransomware,180
ransomware_01203,1,ransomware,180
ransomware_01205,1,ransomware,180
ransomware_01207,1,ransomware,180
ransomware_01208,1,ransomware,180
ransomware_01209,1,ransomware,180
ransomware_01210,1,ransomware,180
ransomware_01218,1,ransomware,180
ransomware_01219,1,ransomware,180
ransomware_01220,1,ransomware,180
ransomware_01221,1,ransomware,180
ransomware_01222,1,ransomware,180
ransomware_01223,1,ransomware,180
ransomware_01225,1,ransomware,180
ransomware_01227,1,ransomware,180
ransomware_01229,1,ransomware,180
ransomware_01233,1,ransomware,180
ransomware_01234,1,ransomware,180
ransomware_01235,1,ransomware,180
ransomware_01236,1,ransomware,180
ransomware_01239,1,ransomware,180
ransomware_01243,1,ransomware,180
ransomware_01245,1,ransomware,180
ransomware_01246,1,ransomware,180
ransomware_01248,1,ransomware,180
ransomware_01249,1,ransomware,180
peeling_chain_01253,1,peeling_chain,180
peeling_chain_01257,1,peeling_chain,180
peeling_chain_01258,1,peeling_chain,180
peeling_chain_01259,1,peeling_chain,180
peeling_chain_01260,1,peeling_chain,180
peeling_chain_01262,1,peeling_chain,180
peeling_chain_01263,1,peeling_chain,180
peeling_chain_01264,1,peeling_chain,180
peeling_chain_01265,1,peeling_chain,180
peeling_chain_01266,1,peeling_chain,180
peeling_chain_01269,1,peeling_chain,180
peeling_chain_01270,1,peeling_chain,180
peeling_chain_01271,1,peeling_chain,180
peeling_chain_01275,1,peeling_chain,180
peeling_chain_01276,1,peeling_chain,180
peeling_chain_01277,1,peeling_chain,180
peeling_chain_01279,1,peeling_chain,180
peeling_chain_01281,1,peeling_chain,180
peeling_chain_01282,1,peeling_chain,180
peeling_chain_01284,1,peeling_chain,180
peeling_chain_01287,1,peeling_chain,180
peeling_chain_01288,1,peeling_chain,180
peeling_chain_01290,1,peeling_chain,180
peeling_chain_01291,1,peeling_chain,180
peeling_chain_01292,1,peeling_chain,180
peeling_chain_01294,1,peeling_chain,180
peeling_chain_01295,1,peeling_chain,180
peeling_chain_01296,1,peeling_chain,180
peeling_chain_01297,1,peeling_chain,180
peeling_chain_01298,1,peeling_chain,180
peeling_chain_01299,1,peeling_chain,180
peeling_chain_01300,1,peeling_chain,180
peeling_chain_01301,1,peeling_chain,180
peeling_chain_01302,1,peeling_chain,180
peeling_chain_01303,1,peeling_chain,180
peeling_chain_01312,1,peeling_chain,180
peeling_chain_01314,1,peeling_chain,180
peeling_chain_01316,1,peeling_chain,180
peeling_chain_01317,1,peeling_chain,180
peeling_chain_01320,1,peeling_chain,180
peeling_chain_01322,1,peeling_chain,180
peeling_chain_01324,1,peeling_chain,180
peeling_chain_01326,1,peeling_chain,180
peeling_chain_01328,1,peeling_chain,180
peeling_chain_01329,1,peeling_chain,180
peeling_chain_01331,1,peeling_chain,180
peeling_chain_01334,1,peeling_chain,180
peeling_chain_01335,1,peeling_chain,180
peeling_chain_01339,1,peeling_chain,180
peeling_chain_01340,1,peeling_chain,180
peeling_chain_01342,1,peeling_chain,180
peeling_chain_01346,1,peeling_chain,180
peeling_chain_01348,1,peeling_chain,180
peeling_chain_01349,1,peeling_chain,180
peeling_chain_01350,1,peeling_chain,180
peeling_chain_01352,1,peeling_chain,180
peeling_chain_01353,1,peeling_chain,180
peeling_chain_01355,1,peeling_chain,180
peeling_chain_01356,1,peeling_chain,180
peeling_chain_01357,1,peeling_chain,180
peeling_chain_01358,1,peeling_chain,180
peeling_chain_01364,1,peeling_chain,180
peeling_chain_01365,1,peeling_chain,180
peeling_chain_01368,1,peeling_chain,180
peeling_chain_01373,1,peeling_chain,180
peeling_chain_01374,1,peeling_chain,180
peeling_chain_01381,1,peeling_chain,180
peeling_chain_01385,1,peeling_chain,180
peeling_chain_01386,1,peeling_chain,180
peeling_chain_01387,1,peeling_chain,180
peeling_chain_01388,1,peeling_chain,180
peeling_chain_01389,1,peeling_chain,180
peeling_chain_01391,1,peeling_chain,180
peeling_chain_01393,1,peeling_chain,180
peeling_chain_01394,1,peeling_chain,180
peeling_chain_01395,1,peeling_chain,180
peeling_chain_01399,1,peeling_chain,180
peeling_chain_01402,1,peeling_chain,180
peeling_chain_01407,1,peeling_chain,180
peeling_chain_01409,1,peeling_chain,180
peeling_chain_01411,1,peeling_chain,180
peeling_chain_01413,1,peeling_chain,180
peeling_chain_01414,1,peeling_chain,180
peeling_chain_01416,1,peeling_chain,180
peeling_chain_01418,1,peeling_chain,180
peeling_chain_01420,1,peeling_chain,180
peeling_chain_01422,1,peeling_chain,180
peeling_chain_01426,1,peeling_chain,180
peeling_chain_01427,1,peeling_chain,180
peeling_chain_01429,1,peeling_chain,180
peeling_chain_01430,1,peeling_chain,180
peeling_chain_01431,1,peeling_chain,180
peeling_chain_01432,1,peeling_chain,180
peeling_chain_01434,1,peeling_chain,180
peeling_chain_01442,1,peeling_chain,180
peeling_chain_01443,1,peeling_chain,180
peeling_chain_01444,1,peeling_chain,180
peeling_chain_01445,1,peeling_chain,180
peeling_chain_01447,1,peeling_chain,180
peeling_chain_01451,1,peeling_chain,180
peeling_chain_01452,1,peeling_chain,180
peeling_chain_01455,1,peeling_chain,180
peeling_chain_01458,1,peeling_chain,180
peeling_chain_01460,1,peeling_chain,180
peeling_chain_01462,1,peeling_chain,180
peeling_chain_01465,1,peeling_chain,180
peeling_chain_01469,1,peeling_chain,180
peeling_chain_01470,1,peeling_chain,180
peeling_chain_01471,1,peeling_chain,180
peeling_chain_01473,1,peeling_chain,180
peeling_chain_01474,1,peeling_chain,180
peeling_chain_01476,1,peeling_chain,180
peeling_chain_01477,1,peeling_chain,180
peeling_chain_01481,1,peeling_chain,180
peeling_chain_01482,1,peeling_chain,180
peeling_chain_01483,1,peeling_chain,180
peeling_chain_01485,1,peeling_chain,180
peeling_chain_01488,1,peeling_chain,180
peeling_chain_01495,1,peeling_chain,180
peeling_chain_01497,1,peeling_chain,180
peeling_chain_01499,1,peeling_chain,180
peeling_chain_01500,1,peeling_chain,180
layering_01503,1,layering,180
layering_01505,1,layering,180
layering_01508,1,layering,180
layering_01509,1,layering,180
layering_01510,1,layering,180
layering_01514,1,layering,180
layering_01517,1,layering,180
layering_01519,1,layering,180
layering_01522,1,layering,180
layering_01524,1,layering,180
layering_01526,1,layering,180
layering_01527,1,layering,180
layering_01528,1,layering,180
layering_01529,1,layering,180
layering_01530,1,layering,180
layering_01531,1,layering,180
layering_01534,1,layering,180
layering_01536,1,layering,180
layering_01540,1,layering,180
layering_01542,1,layering,180
layering_01543,1,layering,180
layering_01547,1,layering,180
layering_01549,1,layering,180
layering_01550,1,layering,180
layering_01552,1,layering,180
layering_01554,1,layering,180
layering_01555,1,layering,180
layering_01556,1,layering,180
layering_01557,1,layering,180
layering_01558,1,layering,180
layering_01559,1,layering,180
layering_01560,1,layering,180
layering_01561,1,layering,180
layering_01562,1,layering,180
layering_01563,1,layering,180
layering_01565,1,layering,180
layering_01568,1,layering,180
layering_01572,1,layering,180
layering_01573,1,layering,180
layering_01574,1,layering,180
layering_01575,1,layering,180
layering_01576,1,layering,180
layering_01578,1,layering,180
layering_01580,1,layering,180
layering_01582,1,layering,180
layering_01583,1,layering,180
layering_01585,1,layering,180
layering_01590,1,layering,180
layering_01591,1,layering,180
layering_01592,1,layering,180
layering_01594,1,layering,180
layering_01599,1,layering,180
layering_01600,1,layering,180
layering_01605,1,layering,180
layering_01607,1,layering,180
layering_01611,1,layering,180
layering_01612,1,layering,180
layering_01613,1,layering,180
layering_01615,1,layering,180
layering_01617,1,layering,180
layering_01618,1,layering,180
layering_01619,1,layering,180
layering_01621,1,layering,180
layering_01623,1,layering,180
layering_01624,1,layering,180
layering_01625,1,layering,180
layering_01626,1,layering,180
layering_01627,1,layering,180
layering_01628,1,layering,180
layering_01629,1,layering,180
layering_01633,1,layering,180
layering_01639,1,layering,180
layering_01640,1,layering,180
layering_01645,1,layering,180
layering_01647,1,layering,180
layering_01648,1,layering,180
layering_01649,1,layering,180
layering_01650,1,layering,180
layering_01651,1,layering,180
layering_01653,1,layering,180
layering_01654,1,layering,180
layering_01655,1,layering,180
layering_01658,1,layering,180
layering_01660,1,layering,180
layering_01662,1,layering,180
layering_01663,1,layering,180
layering_01665,1,layering,180
layering_01666,1,layering,180
layering_01668,1,layering,180
layering_01669,1,layering,180
layering_01671,1,layering,180
layering_01672,1,layering,180
layering_01678,1,layering,180
layering_01681,1,layering,180
layering_01683,1,layering,180
layering_01684,1,layering,180
layering_01691,1,layering,180
layering_01693,1,layering,180
layering_01697,1,layering,180
layering_01698,1,layering,180
layering_01699,1,layering,180
layering_01701,1,layering,180
layering_01702,1,layering,180
layering_01706,1,layering,180
layering_01707,1,layering,180
layering_01708,1,layering,180
layering_01709,1,layering,180
layering_01710,1,layering,180
layering_01711,1,layering,180
layering_01717,1,layering,180
layering_01718,1,layering,180
layering_01720,1,layering,180
layering_01722,1,layering,180
layering_01728,1,layering,180
layering_01730,1,layering,180
layering_01731,1,layering,180
layering_01732,1,layering,180
layering_01733,1,layering,180
layering_01735,1,layering,180
layering_01737,1,layering,180
layering_01739,1,layering,180
layering_01744,1,layering,180
layering_01746,1,layering,180
layering_01748,1,layering,180
layering_01749,1,layering,180
mixing_01751,1,mixing,180
mixing_01752,1,mixing,180
mixing_01753,1,mixing,180
mixing_01754,1,mixing,180
mixing_01758,1,mixing,180
mixing_01759,1,mixing,180
mixing_01760,1,mixing,180
mixing_01761,1,mixing,180
mixing_01762,1,mixing,180
mixing_01763,1,mixing,180
mixing_01764,1,mixing,180
mixing_01765,1,mixing,180
mixing_01771,1,mixing,180
mixing_01773,1,mixing,180
mixing_01774,1,mixing,180
mixing_01779,1,mixing,180
mixing_01780,1,mixing,180
mixing_01781,1,mixing,180
mixing_01782,1,mixing,180
mixing_01783,1,mixing,180
mixing_01786,1,mixing,180
mixing_01787,1,mixing,180
mixing_01788,1,mixing,180
mixing_01789,1,mixing,180
mixing_01791,1,mixing,180
mixing_01794,1,mixing,180
mixing_01801,1,mixing,180
mixing_01805,1,mixing,180
mixing_01807,1,mixing,180
mixing_01809,1,mixing,180
mixing_01810,1,mixing,180
mixing_01812,1,mixing,180
mixing_01815,1,mixing,180
mixing_01819,1,mixing,180
mixing_01822,1,mixing,180
mixing_01823,1,mixing,180
mixing_01824,1,mixing,180
mixing_01825,1,mixing,180
mixing_01826,1,mixing,180
mixing_01830,1,mixing,180
mixing_01832,1,mixing,180
mixing_01834,1,mixing,180
mixing_01837,1,mixing,180
mixing_01841,1,mixing,180
mixing_01842,1,mixing,180
mixing_01844,1,mixing,180
mixing_01847,1,mixing,180
mixing_01851,1,mixing,180
mixing_01853,1,mixing,180
mixing_01855,1,mixing,180
mixing_01858,1,mixing,180
mixing_01861,1,mixing,180
mixing_01862,1,mixing,180
mixing_01864,1,mixing,180
mixing_01865,1,mixing,180
mixing_01868,1,mixing,180
mixing_01871,1,mixing,180
mixing_01874,1,mixing,180
mixing_01875,1,mixing,180
mixing_01876,1,mixing,180
mixing_01878,1,mixing,180
mixing_01880,1,mixing,180
mixing_01882,1,mixing,180
mixing_01883,1,mixing,180
mixing_01884,1,mixing,180
mixing_01885,1,mixing,180
mixing_01887,1,mixing,180
mixing_01890,1,mixing,180
mixing_01891,1,mixing,180
mixing_01892,1,mixing,180
mixing_01893,1,mixing,180
mixing_01896,1,mixing,180
mixing_01898,1,mixing,180
mixing_01900,1,mixing,180
mixing_01901,1,mixing,180
mixing_01903,1,mixing,180
mixing_01904,1,mixing,180
mixing_01905,1,mixing,180
mixing_01909,1,mixing,180
mixing_01910,1,mixing,180
mixing_01911,1,mixing,180
mixing_01912,1,mixing,180
mixing_01913,1,mixing,180
mixing_01915,1,mixing,180
mixing_01916,1,mixing,180
mixing_01917,1,mixing,180
mixing_01918,1,mixing,180
mixing_01920,1,mixing,180
mixing_01921,1,mixing,180
mixing_01922,1,mixing,180
mixing_01923,1,mixing,180
mixing_01924,1,mixing,180
mixing_01927,1,mixing,180
mixing_01931,1,mixing,180
mixing_01934,1,mixing,180
mixing_01939,1,mixing,180
mixing_01942,1,mixing,180
mixing_01943,1,mixing,180
mixing_01945,1,mixing,180
mixing_01946,1,mixing,180
mixing_01947,1,mixing,180
mixing_01949,1,mixing,180
mixing_01951,1,mixing,180
mixing_01953,1,mixing,180
mixing_01957,1,mixing,180
mixing_01961,1,mixing,180
mixing_01962,1,mixing,180
mixing_01963,1,mixing,180
mixing_01965,1,mixing,180
mixing_01967,1,mixing,180
mixing_01968,1,mixing,180
mixing_01969,1,mixing,180
mixing_01972,1,mixing,180
mixing_01973,1,mixing,180
mixing_01974,1,mixing,180
mixing_01977,1,mixing,180
mixing_01984,1,mixing,180
mixing_01985,1,mixing,180
mixing_01986,1,mixing,180
mixing_01988,1,mixing,180
mixing_01989,1,mixing,180
mixing_01991,1,mixing,180
mixing_01992,1,mixing,180
mixing_01994,1,mixing,180
mixing_01995,1,mixing,180
mixing_01996,1,mixing,180
